<?xml version="1.0" encoding="UTF-8"?>
<project-private xmlns="http://www.netbeans.org/ns/project-private/1">
    <editor-bookmarks xmlns="http://www.netbeans.org/ns/editor-bookmarks/2" lastBookmarkId="0"/>
    <open-files xmlns="http://www.netbeans.org/ns/projectui-open-files/2">
        <group>
            <file>file:/C:/Users/Mohsen/Documents/NetBeansProjects/Zoo/src/Superadmin_changeprofile.java</file>
            <file>file:/C:/Users/Mohsen/Documents/NetBeansProjects/Zoo/src/Person.java</file>
            <file>file:/C:/Users/Mohsen/Documents/NetBeansProjects/Zoo/src/Visitors_creat_new.java</file>
            <file>file:/C:/Users/Mohsen/Documents/NetBeansProjects/Zoo/src/Birds.java</file>
            <file>file:/C:/Users/Mohsen/Documents/NetBeansProjects/Zoo/src/ManagementMenu.java</file>
            <file>file:/C:/Users/Mohsen/Documents/NetBeansProjects/Zoo/src/Superadmin_manager_viewprofile.java</file>
            <file>file:/C:/Users/Mohsen/Documents/NetBeansProjects/Zoo/src/Superadmin_add_management.java</file>
            <file>file:/C:/Users/Mohsen/Documents/NetBeansProjects/Zoo/src/Animal.java</file>
            <file>file:/C:/Users/Mohsen/Documents/NetBeansProjects/Zoo/src/Zoo.java</file>
            <file>file:/C:/Users/Mohsen/Documents/NetBeansProjects/Zoo/src/Management_Mng_Animal.java</file>
            <file>file:/C:/Users/Mohsen/Documents/NetBeansProjects/Zoo/src/SuperAdmin.java</file>
            <file>file:/C:/Users/Mohsen/Documents/NetBeansProjects/Zoo/src/Ticket.java</file>
            <file>file:/C:/Users/Mohsen/Documents/NetBeansProjects/Zoo/src/Management_ChangeProfile.java</file>
            <file>file:/C:/Users/Mohsen/Documents/NetBeansProjects/Zoo/src/Wild.java</file>
            <file>file:/C:/Users/Mohsen/Documents/NetBeansProjects/Zoo/src/Visitors_buyTicket_Birds.java</file>
            <file>file:/C:/Users/Mohsen/Documents/NetBeansProjects/Zoo/src/Superadmin_editmanager_aftersearch.java</file>
            <file>file:/C:/Users/Mohsen/Documents/NetBeansProjects/Zoo/src/SuperAdminMenu.java</file>
            <file>file:/C:/Users/Mohsen/Documents/NetBeansProjects/Zoo/src/Send_massage.java</file>
            <file>file:/C:/Users/Mohsen/Documents/NetBeansProjects/Zoo/src/Aquatic_Departments.java</file>
            <file>file:/C:/Users/Mohsen/Documents/NetBeansProjects/Zoo/src/Visitors_returnTickets_Birds.java</file>
            <file>file:/C:/Users/Mohsen/Documents/NetBeansProjects/Zoo/src/admin.png</file>
            <file>file:/C:/Users/Mohsen/Documents/NetBeansProjects/Zoo/src/Visitors_buyTicket_Wild.java</file>
            <file>file:/C:/Users/Mohsen/Documents/NetBeansProjects/Zoo/src/ZookeeperMenu.java</file>
            <file>file:/C:/Users/Mohsen/Documents/NetBeansProjects/Zoo/src/Showable.java</file>
            <file>file:/C:/Users/Mohsen/Documents/NetBeansProjects/Zoo/src/Visitors_buyTicket_Aquantic.java</file>
            <file>file:/C:/Users/Mohsen/Documents/NetBeansProjects/Zoo/src/Login.java</file>
            <file>file:/C:/Users/Mohsen/Documents/NetBeansProjects/Zoo/src/Zookeeper.java</file>
            <file>file:/C:/Users/Mohsen/Documents/NetBeansProjects/Zoo/src/Management_Mng_Zookeepers.java</file>
            <file>file:/C:/Users/Mohsen/Documents/NetBeansProjects/Zoo/src/super-admin-icon_234244.png</file>
            <file>file:/C:/Users/Mohsen/Documents/NetBeansProjects/Zoo/src/Superadmin_Remove_manager.java</file>
            <file>file:/C:/Users/Mohsen/Documents/NetBeansProjects/Zoo/src/Management_Mng_Tickets.java</file>
            <file>file:/C:/Users/Mohsen/Documents/NetBeansProjects/Zoo/src/Visitors_returnTickets_Wild.java</file>
            <file>file:/C:/Users/Mohsen/Documents/NetBeansProjects/Zoo/src/Management_Mng_massages.java</file>
            <file>file:/C:/Users/Mohsen/Documents/NetBeansProjects/Zoo/src/Visitor_new_Account.java</file>
            <file>file:/C:/Users/Mohsen/Documents/NetBeansProjects/Zoo/src/Bird_Departments.java</file>
            <file>file:/C:/Users/Mohsen/Documents/NetBeansProjects/Zoo/src/Management_ShowProfile.java</file>
            <file>file:/C:/Users/Mohsen/Documents/NetBeansProjects/Zoo/src/Wild_Departments.java</file>
            <file>file:/C:/Users/Mohsen/Documents/NetBeansProjects/Zoo/src/Manager.java</file>
            <file>file:/C:/Users/Mohsen/Documents/NetBeansProjects/Zoo/src/Aquatic.java</file>
            <file>file:/C:/Users/Mohsen/Documents/NetBeansProjects/Zoo/src/Department.java</file>
            <file>file:/C:/Users/Mohsen/Documents/NetBeansProjects/Zoo/src/Visitor.java</file>
            <file>file:/C:/Users/Mohsen/Documents/NetBeansProjects/Zoo/src/Visitors.java</file>
            <file>file:/C:/Users/Mohsen/Documents/NetBeansProjects/Zoo/src/Visitors_returnTickets_Aquantic.java</file>
            <file>file:/C:/Users/Mohsen/Documents/NetBeansProjects/Zoo/src/LiveCreature.java</file>
        </group>
    </open-files>
</project-private>
